<?xml version="1.0" encoding="UTF-8"?>
<project xmlns="http://maven.apache.org/POM/4.0.0" xmlns:xsi="http://www.w3.org/2001/XMLSchema-instance" xsi:schemaLocation="http://maven.apache.org/POM/4.0.0 http://maven.apache.org/maven-v4_0_0.xsd">
  <modelVersion>4.0.0</modelVersion>
  <groupId>com.example</groupId>
  <artifactId>tornadofx-maven-project</artifactId>
  <version>1.0</version>
  <build>
    <sourceDirectory>src/main/</sourceDirectory>
    <plugins>
      <plugin>
        <groupId>org.jetbrains.kotlin</groupId>
        <artifactId>kotlin-maven-plugin</artifactId>
        <version>${kotlin.version}</version>
        <executions>
          <execution>
            <id>compile</id>
            <phase>compile</phase>
            <goals>
              <goal>compile</goal>
            </goals>
            <configuration>
              <jvmTarget>1.8</jvmTarget>
            </configuration>
          </execution>
          <execution>
            <id>test-compile</id>
            <phase>test-compile</phase>
            <goals>
              <goal>test-compile</goal>
            </goals>
          </execution>
        </executions>
      </plugin>
      <plugin>
        <artifactId>maven-shade-plugin</artifactId>
        <version>3.0.0</version>
        <executions>
          <execution>
            <phase>package</phase>
            <goals>
              <goal>shade</goal>
            </goals>
          </execution>
        </executions>
        <configuration />
      </plugin>
      <plugin>
        <artifactId>maven-assembly-plugin</artifactId>
        <executions>
          <execution>
            <id>make-assembly</id>
            <phase>package</phase>
            <goals>
              <goal>single</goal>
            </goals>
          </execution>
        </executions>
        <configuration>
          <archive>
            <manifest>
              <mainClass>your.MainClass</mainClass>
            </manifest>
          </archive>
          <descriptorRefs>
            <descriptorRef>jar-with-dependencies</descriptorRef>
          </descriptorRefs>
        </configuration>
      </plugin>
    </plugins>
  </build>
  <dependencies>
    <dependency>
      <groupId>org.jetbrains.kotlin</groupId>
      <artifactId>kotlin-test</artifactId>
      <version>1.3.50</version>
      <scope>test</scope>
      <exclusions>
        <exclusion>
          <artifactId>kotlin-test-common</artifactId>
          <groupId>org.jetbrains.kotlin</groupId>
        </exclusion>
      </exclusions>
    </dependency>
  </dependencies>
  <properties>
    <app.installerdir>${project.build.directory}/installer</app.installerdir>
    <tornadofx.version>1.7.17</tornadofx.version>
    <app.url>http://fxsamples.tornado.no/demo/</app.url>
    <app.dir>${project.build.directory}/app</app.dir>
    <app.mainClass>DiffApp</app.mainClass>
    <app.filename>diff2html Desktop</app.filename>
    <kotlin.version>1.3.50</kotlin.version>
  </properties>
</project>

